class,train,val,test,total
Apple___Apple_Scab,575,150,76,801
Apple___Black_rot,434,124,63,621
Apple___Cedar_apple_rust,337,77,39,453
Apple___Healthy,1337,373,175,1885
Blueberry___Healthy,1734,433,173,2340
Cherry_(including_sour)___Healthy,783,203,107,1093
Cherry_(including_sour)___Powdery_mildew,733,212,107,1052
Corn_(maize)___Cercospora_leaf_spot Gray_leaf_spot,426,107,56,589
Corn_(maize)___Common_rust_,938,251,130,1319
Corn_(maize)___Healthy,811,234,117,1162
Corn_(maize)___Northern_Leaf_Blight,992,250,111,1353
Cucumber___Anthracnose,528,172,91,791
Cucumber___Bacterial_Wilt,543,170,87,800
Cucumber___Belly_Rot,534,180,86,800
Cucumber___Downy_Mildew,529,179,92,800
Cucumber___Gummy_Stem_Blight,519,183,98,800
Cucumber___Healthy,542,169,89,800
Cucumber___Pythium_Fruit_Rot,539,176,85,800
Grape___Black_rot,1014,253,133,1400
Grape___Esca_(Black_Measles),968,276,139,1383
Grape___Healthy,407,98,51,556
Grape___Leaf_blight_(Isariopsis_Leaf_Spot),753,215,108,1076
Orange___Haunglongbing_(Citrus_greening),3852,1103,552,5507
Peach___Bacterial_spot,1607,459,231,2297
Peach___Healthy,771,131,47,949
Pepper_bell___Bacterial_spot,951,257,112,1320
Pepper_bell___Healthy,1247,329,165,1741
Potato___Early_blight,711,200,100,1011
Potato___Healthy,300,71,26,397
Potato___Late_blight,959,242,117,1318
Raspberry___Healthy,669,203,55,927
Soybean___Healthy,3787,1055,529,5371
Squash___Powdery_mildew,1487,412,192,2091
Strawberry___Healthy,679,173,77,929
Strawberry___Leaf_scorch,776,221,112,1109
Tomato___Bacterial_spot,1801,485,241,2527
Tomato___Early_blight,874,219,119,1212
Tomato___Healthy,1805,379,202,2386
Tomato___Late_blight,1542,432,207,2181
Tomato___Leaf_Mold,902,233,112,1247
Tomato___Septoria_leaf_spot,1583,412,202,2197
Tomato___Spider_mites Two-spotted_spider_mite,1175,335,168,1678
Tomato___Target_Spot,982,280,142,1404
Tomato___Tomato_Yellow_Leaf_Curl_Virus,3918,1124,576,5618
Tomato___Tomato_mosaic_virus,425,113,53,591
